[
  {
    "id": "WmTorMdOVw",
    "videos": [
      {
        "id": "q5ltTD-kEnTtoa03pv0bg",
        "name": "FrontYork_DC_60cutdown_V02_15sec.mp4",
        "path": "/Tangonan_Cousins_NFPA/FrontYork_DC_60cutdown_V02_15sec.mp4",
        "size": 75878116,
        "streamUrl": "https://uc7af8fc2afa2f786220a07d42af.dl.dropboxusercontent.com/cd/0/get/CppnWL-HYYzJIK1ee0uSKK4HxvW0Ygzk-iivQMc6Lx1-CbScoa-mR1H20CiJzJ18v-ieOrcHKcc9wic3TB7Igtb7vqBlK6sVor73l0pBndeBafr8XJxFclkA1zWXpsu-ymhnH8fnjUj3upHq3e2qfs6YSDttqass60_-y5HqzfAvGg/file",
        "thumbnailUrl": "/api/dropbox/thumbnail?path=%2FTangonan_Cousins_NFPA%2FFrontYork_DC_60cutdown_V02_15sec.mp4"
      },
      {
        "id": "4PfM57RZqttYQTq1-QlUz",
        "name": "CB2 - Outdoor Collection 2024 v1.mp4",
        "path": "/Tangonan_Cousins_NFPA/CB2 - Outdoor Collection 2024 v1.mp4",
        "size": 231495907,
        "streamUrl": "https://uc7070cf1e0cf746344f018c26f3.dl.dropboxusercontent.com/cd/0/get/CppcFonyxfVWImY34nfvRW4hI8s0OSd1KtEtt7Rshu_IZcn4QmBrFAd44RMdUWaW6vUA-ZbVBJ5e-YTETYrmRf1aNchy8n45euYDa12f1FkMslOCqHv-SkifKh7qdv2ziY6KAxeKsNJoPZJFY9miDHpMFciVgIW_tfpauwf_zicirA/file",
        "thumbnailUrl": "/api/dropbox/thumbnail?path=%2FTangonan_Cousins_NFPA%2FCB2%20-%20Outdoor%20Collection%202024%20v1.mp4"
      },
      {
        "id": "KrZqJk5utTv3ct8N1gLc9",
        "name": "HIDDENFJORD_ChefFood.mp4",
        "path": "/Tangonan_Cousins_NFPA/HIDDENFJORD_ChefFood.mp4",
        "size": 153402532,
        "streamUrl": "https://uc1ecfc53490e68a23414d22f4a4.dl.dropboxusercontent.com/cd/0/get/CprCa1tvHubkIaE28DD2Hn3UyALD7it556TxQ6mx-tIPNCgrDRScC8Y4vjiX66b89I7RpAmWEK7OU880ZUncK0qE3w9OF04XvtFpxfpXC7gkEMZ4MGv68b9Eslufbsi66-1i9Rbswg30TZizxSFlm7uLj_c_vhyL7drS1SLFhKVo_w/file",
        "thumbnailUrl": "/api/dropbox/thumbnail?path=%2FTangonan_Cousins_NFPA%2FHIDDENFJORD_ChefFood.mp4"
      },
      {
        "id": "tCWVQEvSZxRH_0vxj1eMG",
        "name": "SOLOVIEV_Anthem_60.mp4",
        "path": "/Tangonan_Cousins_NFPA/SOLOVIEV_Anthem_60.mp4",
        "size": 142428600,
        "streamUrl": "https://ucc32671d2c0f080f3558a8355f7.dl.dropboxusercontent.com/cd/0/get/Cpo5KqHM78Rv6i4PSxB-saur7cjXU0rw4Pnq6FR4QpkuFQs4bHOjET0DfzjYgAVYUAEfbLztO-jm_yMNE9IxFdkYTk0j2G_baCL0VPuwkr0CsiDVDKiodjptBFLjxURAlk2Ai_ACEup3h6pslnAnD3DcyDxPsQCqgvCGLrehyOqF5w/file",
        "thumbnailUrl": "/api/dropbox/thumbnail?path=%2FTangonan_Cousins_NFPA%2FSOLOVIEV_Anthem_60.mp4"
      },
      {
        "id": "uJYcmBj0CpRl1bygMnVZF",
        "name": "SQUARE_ForgedinFlint_30.mp4",
        "path": "/Tangonan_Cousins_NFPA/SQUARE_ForgedinFlint_30.mp4",
        "size": 76523507,
        "streamUrl": "https://ucd41f4468dbee4e090b3f292186.dl.dropboxusercontent.com/cd/0/get/CpqvvvouYAO9kqJeTbOn-fH9145pEmcGOVZN8FmYJV5-BM-ovG4aVzQVXK8SBaEQg3mXgSNSiGxeEBSNJ63tCO0MSEQBN1_pRXtMspzXyJxUwZnxy0d5ZQH2k7dNsXzUaOVraT2S0aKZJbI_HUTbFHHrlVQqWkPgxudRt2rWufVoZQ/file",
        "thumbnailUrl": "/api/dropbox/thumbnail?path=%2FTangonan_Cousins_NFPA%2FSQUARE_ForgedinFlint_30.mp4"
      }
    ],
    "title": "test",
    "description": "",
    "createdAt": "2025-05-14T13:53:20.633Z",
    "updatedAt": "2025-05-14T13:53:20.633Z"
  }
]